{
  "image": "D:\\Programs\\Python\\stiv\\stiv_adapt\\CRR_calibration_image.jpg",
  "p1": [
    445,
    1321
  ],
  "p2": [
    3080,
    1439
  ],
  "pixel_distance": 2637.640801928875,
  "real_distance_m": 49.38,
  "scale_m_per_pixel": 0.018721275453385845
}