{
  "image": "D:\\Programs\\Python\\stiv\\stiv_adapt\\CRR_calibration_image.jpg",
  "p1": [
    443,
    1321
  ],
  "p2": [
    3085,
    1444
  ],
  "pixel_distance": 2644.8616220891404,
  "real_distance_m": 49.38,
  "scale_m_per_pixel": 0.018670163908611374
}