{
  "image": "D:\\Programs\\Python\\stiv\\stiv_adapt\\CRR_calibration_image.jpg",
  "p1": [
    437,
    1323
  ],
  "p2": [
    3078,
    1436
  ],
  "pixel_distance": 2643.4163501045387,
  "real_distance_m": 49.38,
  "scale_m_per_pixel": 0.018680371708394396
}