{
  "image": "D:\\Programs\\Python\\stiv\\stiv_adapt\\CRR_calibration_image.jpg",
  "p1": [
    448,
    1316
  ],
  "p2": [
    3080,
    1441
  ],
  "pixel_distance": 2634.966603203919,
  "real_distance_m": 49.38,
  "scale_m_per_pixel": 0.018740275470648347
}